{"cameraMode":{"drawMode":0,"name":"Shaded","section":"Shading Mode"},"sceneLighting":true,"audioPlay":false,"sceneViewState":{"showFog":true,"showMaterialUpdate":true,"showSkybox":true,"showFlares":true,"showImageEffects":true,"showParticleSystems":true},"in2DMode":false,"pivot":{"x":4.269122123718262,"y":4.008083820343018,"z":-1.3212890625},"rotation":{"x":-0.10684894770383835,"y":0.22088778018951417,"z":-0.024353444576263429,"w":-0.969124436378479},"size":10.503910064697266,"orthographic":false}